,,,,,,,,,,,,,#N/A,,,,,,,Free form VS Fixed Notation,License Type,OSS,Collaborative VS Single User,Integrated to IDE vs Standalone,Diagram as a Code Support,NOTE
,,,,Free form VS Fixed Notation,"License Type (Free, free plan Available, Commercial, one time payment)",OSS (bool),Collaborative VS Single User,Integrated to IDE vs Standalone,Diagram as a Code Native Support (bool),,,,,,,,,Draw.io / Diagram.net,,Free Form,Free,Yes,Collaborative,Integrated to IDE,Yes,
,,,Draw.io / Diagram.net,Free Form,Free,Yes,Collaborative,Integrated to IDE,Yes,,,,,,,,, AWS Architecture,,Free Form,Free Plan Available,No,Single User,Standalone,Yes,
,,,AWS Architecture,Free Form,Free Plan Available,No,Single User,Standalone,Yes,,,,,,,,, PowerPoint / Keynote / Slides,,Free Form,,No,,Standalone,No,"Qui purtropo dipende: Powerpoint non free, Keynote free (per utenti apple) slides free. Powerpoint e keynote single user, slide collaborative"
,,,PowerPoint / Keynote / Slides,Free Form,,No,,Standalone,No,,,,,,,,, Visio,,Free Form,Paywall,No,Single User,Standalone,No,
,,,Visio,Free Form,Commercial,No,Single User,Standalone,No,,,,,,,,, Excalidraw,,Free Form,Free,Yes,Single User,Integrated to IDE,No,
,,,Excalidraw,Free Form,Free,Yes,Single User,Integrated to IDE,No,,,,,,,,,matplotlib,,Free Form,Free,Yes,Single User,Integrated to IDE,Yes,
,,,matplotlib,Free Form,Free,Yes,Single User,Integrated to IDE,Yes,,,,,,,,,PowerPoint / Keynote / Slides,,/,,,,,,
,,,TikZ,Free Form,Free,Yes,Single User,Integrated to IDE,Yes,,,,,,,,, TikZ,,Free Form,Free,Yes,Single User,Integrated to IDE,Yes,
,,,Miro,Free Form,Free Plan Available,No,Collaborative,Standalone,No,,,,,,,,, Miro,,Free Form,Free Plan Available,No,Collaborative,Standalone,No,
,,,LucidChart,Free Form,Free Plan Available,No,Collaborative,Standalone,No,,,,,,,,,Visio,,,,,,,,
,,,yEd,Free Form,Premium Plan Available,No,Single User,Standalone,No,,,,,,,,, LucidChart,,Free Form,Free Plan Available,No,Collaborative,Standalone,No,
,,,Cloudcraft,Free Form,Free Plan Available,No,Collaborative,Standalone,No,,,,,,,,,,,,,,,,,
,,,Google Drawings,Free Form,Free,No,Collaborative,Standalone,No,,,,,,,,,,,,,,,,,
,,,PlantUML,Fixed Notation,Free,Yes,Single User,Integrated to IDE,Yes,,,,,,,,,,,,,,,,,
,,,Mermaid,Fixed Notation,Free,Yes,Single User,Integrated to IDE,Yes,,,,,,,,,,,,,,,,,
,,,TLdraw,Free Form,Free,Yes,Collaborative,Standalone,No,,,,,,,,,,,,,,,,,
,,,Obsidian,Fixed Notation,Premium Plan Available,No,Single User,Standalone,No,,,,,,,,,,,,,,,,,
,,,Affinity Designer,Free Form,One time payment,No,Single User,Standalone,No,,,,,,,,,,,,,,,,,
,,,FigJam,Free Form,Free Plan Available,No,Collaborative,Standalone,No,,,,,,,,,,,,,,,,,
,,,Confluence,Free Form,Free,No,Collaborative,Standalone,No,,,,,,,,,,,,,,,,,
,,,Drawing apps,,,,,,,,,,,,,,,,,,,,,,,
,,,DBeaver,Fixed Notation,Premium Plan Available,Yes,Single User,Standalone,No,,,,,,,,,,,,,,,,,
,,,ASCII-Art,,,,,,,,,,,,,,,,,,,,,,,
,,,Eraser,Free Form,Free Plan Available,No,Collaborative,Standalone,No,,,,,,,,,,,,,,,,,
,,,ASCIIFlow,Free Form,Free,Yes,Single User,Standalone,Yes,,,,,,,,,,,,,,,,,
,,,Enterprise Architect,Fixed Notation,Commercial,No,Single User,Standalone,No,,,,,,,,,,,,,,,,,
,,,Inkscape,Free Form,Free,Yes,Single User,Standalone,No,,,,,,,,,,,,,,,,,
,,,MockUp,,,,,,,,,,,,,,,,,,,,,,,
,,,Freeform,Free Form,Free,No,Collaborative,Standalone,No,,,,,,,,,,,,,,,,,
,,,Markdown,Fixed Notation,Free,Yes,Single User,Integrated to IDE,Yes,,,,,,,,,,,,,,,,,
,,,Vim,Fixed Notation,Free,Yes,Single User,Integrated to IDE,Yes,,,,,,,,,,,,,,,,,
,,,Adobe XD,Free Form,Commercial,No,Collaborative,Standalone,No,,,,,,,,,,,,,,,,,
,,,Gaphor,Fixed Notation,Free,Yes,Single User,Standalone,No,,,,,,,,,,,,,,,,,
,,,,,,,,,,,,,,,,,,,,,,,,,,
,,,Lark,Free Form,Free Plan Available,No,Collaborative,Standalone,No,,,,,,,,,,,,,,,,,
,,,StarUML,Fixed Notation,Free Plan Available,No,Single User,Standalone,No,,,,,,,,,,,,,,,,,
,,,Gliffy,Free Form,Free Plan Available,No,Collaborative,Standalone,No,,,,,,,,,,,,,,,,,
,,,Feishu,Free Form,Free Plan Available,No,Collaborative,Standalone,No,,,,,,,,,,,,,,,,,
,,,Visual Paradigm,Fixed Notation,Commercial,No,Single User,Standalone,No,,,,,,,,,,,,,,,,,
,,,Monodraw,Free Form,One time payment,No,Single User,Standalone,No,,,,,,,,,,,,,,,,,
,,,SequenceDiagram,Fixed Notation,Free,No,Collaborative,Standalone,Yes,,,,,,,,,,,,,,,,,
,,,Free hand,,,,,,,,,,,,,,,,,,,,,,,
,,,https://github.com/mingrammer/diagrams,Fixed Notation,Free,Yes,Single User,Integrated to IDE,Yes,,,,,,,,,,,,,,,,,
,,,Dia,Free Form,Free,No,Single User,Standalone,No,,,,,,,,,,,,,,,,,
,,,Sigma,,,,,,,,,,,,,,,,,,,,,,,
,,,SVG software,,,,,,,,,,,,,,,,,,,,,,,
,,,Figma / FigJam,Free Form,Free Plan Available,No,Collaborative,Standalone,No,,,,,,,,,,,,,,,,,
,,,Structurizr,Fixed Notation,Premium Plan Available,Yes,Single User,Integrated to IDE,Yes,,,,,,,,,,,,,,,,,
,,,Python,Fixed Notation,Free,Yes,Single User,Integrated to IDE,Yes,,,,,,,,,,,,,,,,,
,,,Caldera’s,,,,,,,,,,,,,,,,,,,,,,,
,,,asciidoc,Fixed Notation,Free,Yes,Single User,Integrated to IDE,Yes,,,,,,,,,,,,,,,,,
,,,UML compiler,,,,,,,,,,,,,,,,,,,,,,,
,,,OmniGraffle,Free Form,Commercial,No,Collaborative,Standalone,No,,,,,,,,,,,,,,,,,
,,,Paint,Free Form,Free,No,Single User,Standalone,No,,,,,,,,,,,,,,,,,
,,,Whimsical,Free Form,Free Plan Available,No,Collaborative,Standalone,No,,,,,,,,,,,,,,,,,
,,,Umbrello,Fixed Notation,Free,Yes,Single User,Standalone,Yes,,,,,,,,,,,,,,,,,
,,,Pyhton diagrams,Fixed Notation,Free,Yes,Single User,Integrated to IDE,Yes,,,,,,,,,,,,,,,,,
,,,Milanote,Free Form,Free Plan Available,No,Collaborative,Standalone,No,,,,,,,,,,,,,,,,,
,,,ascii diagrams on markdown,Fixed Notation,Free,Yes,Single User,Integrated to IDE,Yes,,,,,,,,,,,,,,,,,
,,,Mural,Free Form,Free Plan Available,No,Collaborative,Standalone,Yes,,,,,,,,,,,,,,,,,
,,,Processon,Free Form,Free Plan Available,No,Collaborative,Standalone,Yes,,,,,,,,,,,,,,,,,
,,,Jetbrains Resharper Extension,,,,,,,,,,,,,,,,,,,,,,,
,,,GraphViz,Fixed Notation,Free,Yes,Single User,Integrated to IDE,Yes,,,,,,,,,,,,,,,,,
,,,Canva,Free Form,Free Plan Available,No,Collaborative,Standalone,No,,,,,,,,,,,,,,,,,
,,,LibreOffice Draw,Free Form,Free,Yes,Single User,Standalone,No,,,,,,,,,,,,,,,,,